브랜드,제품명,현재 판매가,회원 할인가,판매자,다른 판매자,옵션,상세정보,URL
탐사,"탐사수 무라벨, 2L, 12개",,"6,490원",로켓배송,없음,개당 용량 × 총 수량: 2L × 12개,"소비기한(또는 유통기한): 2024-08-09 이거나 그 이후인 상품, 용기 타입: 플라스틱병, 라벨 유무: 무라벨, 쿠팡상품번호: 5625704601 - 9133866800",https://www.coupang.com/vp/products/5625704601?itemId=9133866800&vendorItemId=79544780507&pickType=COU_PICK
탐사,"탐사수 무라벨, 2L, 36개",,"16,800원",로켓배송,없음,개당 용량 × 총 수량: 2L × 36개,"소비기한(또는 유통기한): 2024-08-09 이거나 그 이후인 상품, 용기 타입: 플라스틱병, 라벨 유무: 무라벨, 쿠팡상품번호: 5625704601 - 19013169354",https://www.coupang.com/vp/products/5625704601?itemId=19013169354&vendorItemId=86137789886
스파클,"스파클 생수 무라벨, 2L, 36개","19,900원","16,900원",스파클주식회사,3,개당 용량 × 총 수량: 2L × 36개,"수원지: 국내산, 쿠팡상품번호: 6830320694 - 18354584884",https://www.coupang.com/vp/products/6830320694?itemId=18354584884&vendorItemId=83406358856
,"제주삼다수 그린 무라벨, 2L, 24개",,"25,920원",로켓배송,107,개당 용량 × 총 수량: 2L × 24개,"소비기한(또는 유통기한): 2025-02-13 이거나 그 이후인 상품, 용기 타입: 플라스틱병, 라벨 유무: 무라벨, 수원지: 국내산, 비건 여부: 비건, 쿠팡상품번호: 7666070794 - 22055320731",https://www.coupang.com/vp/products/7666070794?itemId=22055320731&vendorItemId=86478559175
스파클,"스파클 생수 무라벨, 2L, 30개",,"16,510원",스파클주식회사,없음,개당 용량 × 총 수량: 2L × 30개,"수원지: 국내산, 쿠팡상품번호: 6830320694 - 20607920353",https://www.coupang.com/vp/products/6830320694?itemId=20607920353&vendorItemId=83406358890
탐사,"탐사수 무라벨, 500ml, 60개","12,590원","12,390원",로켓배송,없음,개당 용량 × 총 수량: 500ml × 60개,"소비기한(또는 유통기한): 2024-08-07 이거나 그 이후인 상품, 용기 타입: 플라스틱병, 라벨 유무: 무라벨, 쿠팡상품번호: 5625704601 - 11696970903",https://www.coupang.com/vp/products/5625704601?itemId=11696970903&vendorItemId=79547658934
탐사,"탐사 샘물, 2L, 36개",,"15,390원",로켓배송,없음,개당 용량 × 총 수량: 2L × 36개,"소비기한(또는 유통기한): 2025-02-01 이거나 그 이후인 상품, 쿠팡상품번호: 7689270513 - 20877904962",https://www.coupang.com/vp/products/7689270513?itemId=20877904962&vendorItemId=87945141063
탐사,"탐사수 무라벨, 2L, 24개",,"12,690원",로켓배송,없음,개당 용량 × 총 수량: 2L × 24개,"소비기한(또는 유통기한): 2024-08-09 이거나 그 이후인 상품, 용기 타입: 플라스틱병, 라벨 유무: 무라벨, 쿠팡상품번호: 5625704601 - 11696984031",https://www.coupang.com/vp/products/5625704601?itemId=11696984031&vendorItemId=79548063314
,"백산수 무라벨 생수, 2L, 24개",,"20,600원",로켓배송,70,개당 용량 × 총 수량: 2L × 24개,"소비기한(또는 유통기한): 2025-04-04 이거나 그 이후인 상품, 용기 타입: 플라스틱병, 수원지: 아시아, 음료수 종류: 생수, 쿠팡상품번호: 7990804172 - 22211274924",https://www.coupang.com/vp/products/7990804172?itemId=22211274924&vendorItemId=86494111210
,"제주 삼다수, 2L, 24개",,"25,860원",로켓배송,84,개당 용량 × 총 수량: 2L × 24개,"소비기한(또는 유통기한): 2025-04-11 이거나 그 이후인 상품, 용기 타입: 플라스틱병, 라벨 유무: 유라벨, 수원지: 제주도, 비건 여부: 비건, 쿠팡상품번호: 5585425593 - 20387576967",https://www.coupang.com/vp/products/5585425593?itemId=20387576967&vendorItemId=86469815329
,"제주삼다수 그린 무라벨, 2L, 12개",,"12,960원",로켓배송,109,개당 용량 × 총 수량: 2L × 12개,"소비기한(또는 유통기한): 2025-02-13 이거나 그 이후인 상품, 용기 타입: 플라스틱병, 라벨 유무: 무라벨, 수원지: 국내산, 비건 여부: 비건, 쿠팡상품번호: 7666070794 - 22055326688",https://www.coupang.com/vp/products/7666070794?itemId=22055326688&vendorItemId=86478559145
,"농심 백산수, 2L, 24개",,"20,220원",로켓배송,8,개당 용량 × 총 수량: 2L × 24개,"소비기한(또는 유통기한): 2025-02-09 이거나 그 이후인 상품, 용기 타입: 플라스틱병, 라벨 유무: 유라벨, 수원지: 아시아, 비건 여부: 비건, 쿠팡상품번호: 4876313878 - 15403235745",https://www.coupang.com/vp/products/4876313878?itemId=15403235745&vendorItemId=3265224586
,"제주삼다수 그린, 500ml, 60개",,"28,800원",로켓배송,61,개당 용량 × 총 수량: 500ml × 60개,"소비기한(또는 유통기한): 2025-03-12 이거나 그 이후인 상품, 용기 타입: 플라스틱병, 라벨 유무: 무라벨, 수원지: 국내산, 비건 여부: 비건, 쿠팡상품번호: 7666070794 - 20137528264",https://www.coupang.com/vp/products/7666070794?itemId=20137528264&vendorItemId=86469902958
,"제주삼다수 제주 삼다수 무라벨 2L X 12병(유/무라벨 랜덤발송), 2L, 12개",,"12,300원",(주)현대홈쇼핑(온라인),44,개당 용량 × 총 수량: 2L × 12개,"용기 타입: 플라스틱병, 라벨 유무: 유라벨, 수원지: 국내산, 비건 여부: 비건, 설탕 함량: 무설탕, 쿠팡상품번호: 7805885619 - 21685721250",https://www.coupang.com/vp/products/7805885619?itemId=21685721250&vendorItemId=88400160455
,"제주삼다수 그린 무라벨, 2L, 18개",,"19,440원",로켓배송,68,개당 용량 × 총 수량: 2L × 18개,"소비기한(또는 유통기한): 2025-02-13 이거나 그 이후인 상품, 용기 타입: 플라스틱병, 라벨 유무: 무라벨, 수원지: 국내산, 설탕 함량: 무설탕, 쿠팡상품번호: 7666070794 - 21631176833",https://www.coupang.com/vp/products/7666070794?itemId=21631176833&vendorItemId=86478559177
,"백산수 무라벨 생수, 2L, 30개",,"25,750원",로켓배송,16,개당 용량 × 총 수량: 2L × 30개,"소비기한(또는 유통기한): 2025-04-04 이거나 그 이후인 상품, 용기 타입: 플라스틱병, 라벨 유무: 무라벨, 수원지: 아시아, 대용량상품: Y, 쿠팡상품번호: 6393352093 - 18256769967",https://www.coupang.com/vp/products/6393352093?itemId=18256769967&vendorItemId=86494111220
,"백산수 무라벨 생수, 2L, 18개",,"15,480원",로켓배송,16,개당 용량 × 총 수량: 2L × 18개,"소비기한(또는 유통기한): 2025-04-04 이거나 그 이후인 상품, 용기 타입: 플라스틱병, 라벨 유무: 무라벨, 수원지: 아시아, 대용량상품: Y, 쿠팡상품번호: 6393352093 - 18355000962",https://www.coupang.com/vp/products/6393352093?itemId=18355000962&vendorItemId=86494109832
,"제주삼다수 그린, 2L, 36개",,"38,880원",로켓배송,66,개당 용량 × 총 수량: 2L × 36개,"소비기한(또는 유통기한): 2025-02-13 이거나 그 이후인 상품, 용기 타입: 플라스틱병, 라벨 유무: 라벨있음, 수원지: 국내산, 설탕 함량: 무설탕, 쿠팡상품번호: 7666070794 - 16612054328",https://www.coupang.com/vp/products/7666070794?itemId=16612054328&vendorItemId=86949016528
탐사,"탐사 샘물, 2L, 12개",,"5,990원",로켓배송,없음,개당 용량 × 총 수량: 2L × 12개,"소비기한(또는 유통기한): 2025-02-01 이거나 그 이후인 상품, 쿠팡상품번호: 7689270513 - 20877904723",https://www.coupang.com/vp/products/7689270513?itemId=20877904723&vendorItemId=87945140904
탐사,"탐사수 무라벨, 500ml, 40개","8,590원","8,490원",로켓배송,없음,개당 용량 × 총 수량: 500ml × 40개,"소비기한(또는 유통기한): 2024-08-07 이거나 그 이후인 상품, 용기 타입: 플라스틱병, 라벨 유무: 무라벨, 쿠팡상품번호: 5625704601 - 9133866797",https://www.coupang.com/vp/products/5625704601?itemId=9133866797&vendorItemId=79544780492
,"제주삼다수 그린, 500ml, 100개",,"48,000원",로켓배송,31,개당 용량 × 총 수량: 500ml × 100개,"소비기한(또는 유통기한): 2025-03-12 이거나 그 이후인 상품, 용기 타입: 플라스틱병, 라벨 유무: 무라벨, 수원지: 국내산, 비건 여부: 비건, 쿠팡상품번호: 7666070794 - 19730837130",https://www.coupang.com/vp/products/7666070794?itemId=19730837130&vendorItemId=86469903929
,"백산수 무라벨 생수, 2L, 36개",,"30,960원",로켓배송,29,개당 용량 × 총 수량: 2L × 36개,"소비기한(또는 유통기한): 2025-04-04 이거나 그 이후인 상품, 수원지: 아시아, 가정용/업소용: 가정용, 용기 타입: 플라스틱병, 대용량상품: Y, 쿠팡상품번호: 7568336960 - 21020472862",https://www.coupang.com/vp/products/7568336960?itemId=21020472862&vendorItemId=86949016997
,"백산수 무라벨 생수, 500ml, 60개",,"22,350원",로켓배송,20,개당 용량 × 총 수량: 500ml × 60개,"소비기한(또는 유통기한): 2025-04-17 이거나 그 이후인 상품, 용기 타입: 플라스틱병, 라벨 유무: 무라벨, 수원지: 아시아, 비건 여부: 비건, 쿠팡상품번호: 6393352093 - 19173803756",https://www.coupang.com/vp/products/6393352093?itemId=19173803756&vendorItemId=86494112266
,"풀무원샘물 무라벨 생수, 2L, 30개",,"18,910원",로켓배송,2,개당 용량 × 총 수량: 2L × 30개,"소비기한(또는 유통기한): 2025-01-20 이거나 그 이후인 상품, 용기 타입: 플라스틱병, 수원지: 국내산, 음료수 종류: 생수, 라벨 유무: 무라벨, 쿠팡상품번호: 6239512369 - 13429162491",https://www.coupang.com/vp/products/6239512369?itemId=13429162491&vendorItemId=86494126424
스파클,"스파클 생수 무라벨, 500ml, 60개",,"11,660원",스파클주식회사,없음,개당 용량 × 총 수량: 500ml × 60개,"수원지: 국내산, 쿠팡상품번호: 6830320694 - 20288973632",https://www.coupang.com/vp/products/6830320694?itemId=20288973632&vendorItemId=83406358806
,"아이시스 8.0 무라벨 ECO 생수, 300ml, 100개",,"27,370원",로켓배송,4,개당 용량 × 총 수량: 300ml × 100개,"소비기한(또는 유통기한): 2024-10-14 이거나 그 이후인 상품, 용기 타입: 플라스틱병, 라벨 유무: 무라벨, 수원지: 국내산, 쿠팡상품번호: 7865650251 - 20472000660",https://www.coupang.com/vp/products/7865650251?itemId=20472000660&vendorItemId=86467813959
스파클,"스파클 생수 무라벨, 2L, 18개",,"11,400원",스파클주식회사,2,개당 용량 × 총 수량: 2L × 18개,"수원지: 국내산, 쿠팡상품번호: 6830320694 - 18265450257",https://www.coupang.com/vp/products/6830320694?itemId=18265450257&vendorItemId=83406358914
탐사,"탐사수 무라벨, 500ml, 200개",,"37,490원",로켓배송,없음,개당 용량 × 총 수량: 500ml × 200개,"소비기한(또는 유통기한): 2024-08-07 이거나 그 이후인 상품, 용기 타입: 플라스틱병, 라벨 유무: 무라벨, 쿠팡상품번호: 5625704601 - 19013170090",https://www.coupang.com/vp/products/5625704601?itemId=19013170090&vendorItemId=86137790576
,"제주 삼다수, 500ml, 80개",,"38,400원",로켓배송,55,개당 용량 × 총 수량: 500ml × 80개,"소비기한(또는 유통기한): 2025-03-26 이거나 그 이후인 상품, 용기 타입: 플라스틱병, 라벨 유무: 유라벨, 수원지: 국내산, 설탕 함량: 무설탕, 쿠팡상품번호: 5585425593 - 20398537052",https://www.coupang.com/vp/products/5585425593?itemId=20398537052&vendorItemId=86469814060
스파클,"스파클 생수 무라벨, 500ml, 40개",,"7,900원",스파클주식회사,3,개당 용량 × 총 수량: 500ml × 40개,"수원지: 국내산, 가정용/업소용: 가정용, 쿠팡상품번호: 6830320694 - 19751768427",https://www.coupang.com/vp/products/6830320694?itemId=19751768427&vendorItemId=83406358826
,"제주 삼다수, 2L, 6개",,"6,400원",주식회사신세계라이브쇼핑,86,개당 용량 × 총 수량: 2L × 6개,"용기 타입: 플라스틱병, 라벨 유무: 유라벨, 수원지: 국내산, 비건 여부: --- 기타 ---, 설탕 함량: --- 기타 ---, 쿠팡상품번호: 5585425593 - 21327602165",https://www.coupang.com/vp/products/5585425593?itemId=21327602165&vendorItemId=82029249824
,"풀무원샘물 무라벨 생수, 2L, 12개",,"7,570원",로켓배송,3,개당 용량 × 총 수량: 2L × 12개,"소비기한(또는 유통기한): 2025-01-20 이거나 그 이후인 상품, 용기 타입: 플라스틱병, 수원지: 국내산, 대용량상품: Y, 음료수 종류: 생수, 쿠팡상품번호: 6239512369 - 12586277102",https://www.coupang.com/vp/products/6239512369?itemId=12586277102&vendorItemId=86494123005
,"농심 백산수, 2L, 12개",,"10,430원",로켓배송,47,개당 용량 × 총 수량: 2L × 12개,"소비기한(또는 유통기한): 2025-02-09 이거나 그 이후인 상품, 용기 타입: 플라스틱병, 라벨 유무: 유라벨, 수원지: 아시아, 비건 여부: 비건, 쿠팡상품번호: 4876313878 - 14902361999",https://www.coupang.com/vp/products/4876313878?itemId=14902361999&vendorItemId=3000337038
,"제주 삼다수, 500ml, 20개",,"9,860원",주식회사 제이와이제이아이앤씨,110,개당 용량 × 총 수량: 500ml × 20개,"용기 타입: 본상품선택, 라벨 유무: 라벨있음, 수원지: 국내산, 비건 여부: 1개, 설탕 함량: 1개, 쿠팡상품번호: 5585425593 - 21568242832",https://www.coupang.com/vp/products/5585425593?itemId=21568242832&vendorItemId=88387155317
탐사,"탐사 샘물, 2L, 24개",,"11,190원",로켓배송,없음,개당 용량 × 총 수량: 2L × 24개,"소비기한(또는 유통기한): 2025-02-01 이거나 그 이후인 상품, 쿠팡상품번호: 7689270513 - 20877904748",https://www.coupang.com/vp/products/7689270513?itemId=20877904748&vendorItemId=87945140914
탐사,"탐사 샘물, 500ml, 80개",,"14,990원",로켓배송,없음,개당 용량 × 총 수량: 500ml × 80개,"소비기한(또는 유통기한): 2025-02-01 이거나 그 이후인 상품, 쿠팡상품번호: 7689270513 - 20972233907",https://www.coupang.com/vp/products/7689270513?itemId=20972233907&vendorItemId=88037469841
,"휘오 다이아몬드 EC 네추럴 미네랄 워터, 300ml, 40개",,"11,460원",동은상사,20,개당 용량 × 총 수량: 300ml × 40개,"용기 타입: 플라스틱병, 수원지: 국내산, 설탕 함량: 무설탕, 대용량상품: Y, 음료수 종류: 생수, 쿠팡상품번호: 2213229154 - 18454923143",https://www.coupang.com/vp/products/2213229154?itemId=18454923143&vendorItemId=79449308055
,"풀무원샘물 무라벨 생수, 500ml, 60개",,"10,960원",금농라이프케어,9,개당 용량 × 총 수량: 500ml × 60개,"용기 타입: 플라스틱병, 수원지: 국내산, 음료수 종류: 생수, 라벨 유무: 무라벨, 쿠팡상품번호: 6239512369 - 12586277100",https://www.coupang.com/vp/products/6239512369?itemId=12586277100&vendorItemId=87491312043
,"백산수 무라벨 생수, 2L, 12개",,"10,340원",로켓배송,58,개당 용량 × 총 수량: 2L × 12개,"소비기한(또는 유통기한): 2025-04-04 이거나 그 이후인 상품, 용기 타입: 플라스틱병, 수원지: 아시아, 음료수 종류: 생수, 가정용/업소용: 가정용, 쿠팡상품번호: 7990804172 - 19953705820",https://www.coupang.com/vp/products/7990804172?itemId=19953705820&vendorItemId=86494109740
탐사,"제주 탐사수, 2L, 6개",,"4,890원",로켓배송,없음,개당 용량 × 총 수량: 2L × 6개,"소비기한(또는 유통기한): 2025-05-06 이거나 그 이후인 상품, 용기 타입: 플라스틱병, 쿠팡상품번호: 1254071808 - 2380530533",https://www.coupang.com/vp/products/1254071808?itemId=2380530533&vendorItemId=70376058177
,"백산수 무라벨 생수, 500ml, 40개",,"14,900원",로켓배송,30,개당 용량 × 총 수량: 500ml × 40개,"소비기한(또는 유통기한): 2025-04-17 이거나 그 이후인 상품, 용기 타입: 플라스틱병, 라벨 유무: 무라벨, 수원지: 아시아, 비건 여부: 비건, 쿠팡상품번호: 6393352093 - 18156073883",https://www.coupang.com/vp/products/6393352093?itemId=18156073883&vendorItemId=86494112260
,"휘오 다이아몬드 EC 네추럴 미네랄 워터, 500ml, 40개",,"9,360원",선경유통,16,개당 용량 × 총 수량: 500ml × 40개,"용기 타입: 플라스틱병, 수원지: 국내산, 설탕 함량: 무설탕, 대용량상품: Y, 음료수 종류: 생수, 쿠팡상품번호: 2213229154 - 6389453593",https://www.coupang.com/vp/products/2213229154?itemId=6389453593&vendorItemId=4573656406
,"백산수 생수, 1L, 24개",,"15,990원",주식회사 바이바이,35,개당 용량 × 총 수량: 1L × 24개,"용기 타입: 플라스틱병, 라벨 유무: 유라벨, 수원지: 아시아, 대용량상품: Y, 음료수 종류: 생수, 쿠팡상품번호: 4876313878 - 18080689190",https://www.coupang.com/vp/products/4876313878?itemId=18080689190&vendorItemId=86828904111
탐사,"탐사수 무라벨, 500ml, 80개",,"15,990원",로켓배송,없음,개당 용량 × 총 수량: 500ml × 80개,"소비기한(또는 유통기한): 2024-08-07 이거나 그 이후인 상품, 용기 타입: 플라스틱병, 라벨 유무: 무라벨, 쿠팡상품번호: 5625704601 - 19013169967",https://www.coupang.com/vp/products/5625704601?itemId=19013169967&vendorItemId=86137790400
동원,"동원샘물 생수 2L * 24병, 2L, 24개",,"14,550원",㈜동원디어푸드 ( 동원몰 ),2,개당 용량 × 총 수량: 2L × 24개,"음료수 종류: 상세 설명 참조, 비건 여부: 상세 설명 참조, 가정용/업소용: 상세 설명 참조, 유기농/친환경 등: 상세 설명 참조, 열량: 상세 설명 참조, 쿠팡상품번호: 7994141013 - 22230752566",https://www.coupang.com/vp/products/7994141013?itemId=22230752566&vendorItemId=85293566037
스파클,"스파클 생수 무라벨, 2L, 12개",,"7,830원",스파클주식회사,2,개당 용량 × 총 수량: 2L × 12개,"수원지: 국내산, 가정용/업소용: 가정용, 쿠팡상품번호: 6830320694 - 19341845171",https://www.coupang.com/vp/products/6830320694?itemId=19341845171&vendorItemId=83406358765
,"강원 평창수 무라벨, 2L, 12개",,"7,920원",로켓배송,20,개당 용량 × 총 수량: 2L × 12개,"소비기한(또는 유통기한): 2025-02-18 이거나 그 이후인 상품, 용기 타입: 플라스틱병, 라벨 유무: 무라벨, 수원지: 국내산, 음료수 종류: 생수, 쿠팡상품번호: 5269360716 - 7505540780",https://www.coupang.com/vp/products/5269360716?itemId=7505540780&vendorItemId=86495568251
,"강원 평창수 무라벨, 2L, 30개",,"19,800원",로켓배송,5,개당 용량 × 총 수량: 2L × 30개,"소비기한(또는 유통기한): 2025-02-18 이거나 그 이후인 상품, 용기 타입: 플라스틱병, 라벨 유무: 무라벨, 수원지: 국내산, 음료수 종류: 생수, 쿠팡상품번호: 5269360716 - 13064287016",https://www.coupang.com/vp/products/5269360716?itemId=13064287016&vendorItemId=86495568256
,"백산수 생수, 1L, 36개",,"33,900원",OK테크,14,개당 용량 × 총 수량: 1L × 36개,"용기 타입: 플라스틱병, 라벨 유무: 유라벨, 수원지: 아시아, 대용량상품: Y, 음료수 종류: 생수, 쿠팡상품번호: 4876313878 - 18122607332",https://www.coupang.com/vp/products/4876313878?itemId=18122607332&vendorItemId=86985122146
,"동원 샘물 무라벨 2L x 24병 생수 물 2리터, 2L, 24개",,"14,800원",㈜동원디어푸드 ( 동원몰 ),4,단일상품 × 개당 용량 × 총 수량: 2L × 24개,"수원지: 상세 설명 참조, 식품 프리미엄: 상세 설명 참조, 열량: 상세 설명 참조, 가정용/업소용: 상세 설명 참조, 유기농/친환경 등: 상세 설명 참조, 쿠팡상품번호: 7153229496 - 17988036631",https://www.coupang.com/vp/products/7153229496?itemId=17988036631&vendorItemId=86013951233
탐사,"탐사 베이직수, 2L, 12개",,"5,990원",로켓배송,없음,개당 용량 × 총 수량: 2L × 12개,"소비기한(또는 유통기한): 2025-02-01 이거나 그 이후인 상품, 용기 타입: 플라스틱병, 라벨 유무: 유라벨, 쿠팡상품번호: 7476419502 - 19529509106",https://www.coupang.com/vp/products/7476419502?itemId=19529509106&vendorItemId=86637986223
,"제주삼다수 그린, 330ml, 80개",,"34,400원",로켓배송,39,개당 용량 × 총 수량: 330ml × 80개,"소비기한(또는 유통기한): 2025-03-06 이거나 그 이후인 상품, 용기 타입: 플라스틱병, 라벨 유무: 라벨없음, 수원지: 국내산, 대용량상품: Y, 쿠팡상품번호: 7666070794 - 14096771867",https://www.coupang.com/vp/products/7666070794?itemId=14096771867&vendorItemId=86469906901
오리온제주용암수,"오리온 닥터유 제주용암수, 2L, 18개","14,300원","13,300원",로켓배송,17,개당 용량 × 총 수량: 2L × 18개,"소비기한(또는 유통기한): 2025-07-19 이거나 그 이후인 상품, 용기 타입: 플라스틱병, 수원지: 국내산, 비건 여부: 비건, 설탕 함량: 무설탕, 쿠팡상품번호: 4944747674 - 19547724956",https://www.coupang.com/vp/products/4944747674?itemId=19547724956&vendorItemId=86433745874
,"백산수 생수, 1L, 12개",,"8,030원",주식회사 바이바이,24,개당 용량 × 총 수량: 1L × 12개,"용기 타입: 플라스틱병, 라벨 유무: 유라벨, 수원지: 아시아, 비건 여부: 비건, 설탕 함량: 무설탕, 쿠팡상품번호: 4876313878 - 17929544865",https://www.coupang.com/vp/products/4876313878?itemId=17929544865&vendorItemId=86952827480
,"풀무원샘물 무라벨 생수, 500ml, 20개",,"2,330원",귤바라기,8,개당 용량 × 총 수량: 500ml × 20개,"용기 타입: 플라스틱병, 수원지: 국내산, 음료수 종류: 생수, 라벨 유무: 무라벨, 쿠팡상품번호: 6239512369 - 18361612462",https://www.coupang.com/vp/products/6239512369?itemId=18361612462&vendorItemId=84060770218
,"휘오 다이아몬드 EC 네추럴 미네랄 워터, 500ml, 20개",,"7,590원",주식회사 부산종합유통,29,개당 용량 × 총 수량: 500ml × 20개,"용기 타입: 플라스틱병, 수원지: 국내산, 설탕 함량: 무설탕, 대용량상품: Y, 음료수 종류: 생수, 쿠팡상품번호: 2213229154 - 17266051408",https://www.coupang.com/vp/products/2213229154?itemId=17266051408&vendorItemId=72825134565
,"풀무원샘물 무라벨 생수, 2L, 18개",,"10,690원",로켓배송,2,개당 용량 × 총 수량: 2L × 18개,"소비기한(또는 유통기한): 2025-01-20 이거나 그 이후인 상품, 용기 타입: 플라스틱병, 수원지: 국내산, 대용량상품: Y, 음료수 종류: 생수, 쿠팡상품번호: 6239512369 - 12586277097",https://www.coupang.com/vp/products/6239512369?itemId=12586277097&vendorItemId=86494123951
,"지리산물하나 ECO 생수, 2L, 24개",,"17,800원",주식회사 부산종합유통,3,개당 용량 × 총 수량: 2L × 24개,"용기 타입: 플라스틱병, 수원지: 국내산, 음료수 종류: 생수, 라벨 유무: 무라벨, 가정용/업소용: 가정용, 쿠팡상품번호: 6778991635 - 19343174620",https://www.coupang.com/vp/products/6778991635?itemId=19343174620&vendorItemId=88410280017
,"커클랜드 코스트코 먹는샘물2L 생수 풀무원, 2L, 24개",,"14,800원",주식회사 제이와이제이아이앤씨,없음,개당 용량 × 총 수량: 2L × 24개,"수원지: 국내산, 가정용/업소용: 가정용, 쿠팡상품번호: 3560460 - 22422134713",https://www.coupang.com/vp/products/3560460?itemId=22422134713&vendorItemId=89465286712
스파클,"스파클 생수 무라벨, 330ml, 80개",,"16,110원",스파클주식회사,없음,개당 용량 × 총 수량: 330ml × 80개,"수원지: 국내산, 쿠팡상품번호: 6830320694 - 16350457226",https://www.coupang.com/vp/products/6830320694?itemId=16350457226&vendorItemId=83406358944
탐사,"탐사수 무라벨, 500ml, 120개",,"23,690원",로켓배송,없음,개당 용량 × 총 수량: 500ml × 120개,"소비기한(또는 유통기한): 2024-08-07 이거나 그 이후인 상품, 용기 타입: 플라스틱병, 라벨 유무: 무라벨, 쿠팡상품번호: 5625704601 - 19013169966",https://www.coupang.com/vp/products/5625704601?itemId=19013169966&vendorItemId=86137790403
,"지리산 물하나, 2L, 36개",,"18,190원",로켓배송,21,개당 용량 × 총 수량: 2L × 36개,"소비기한(또는 유통기한): 2024-11-30 이거나 그 이후인 상품, 용기 타입: 플라스틱병, 수원지: 국내산, 음료수 종류: 생수, 라벨 유무: 유라벨, 쿠팡상품번호: 6641250902 - 15134668796",https://www.coupang.com/vp/products/6641250902?itemId=15134668796&vendorItemId=88103613692
,[풀무원샘물] by Nature 2L X 18병,,,로켓배송,,,,https://www.coupang.com/vp/products/7856560668?itemId=13262387094&vendorItemId=81499849311
,"아이시스 무라벨 ECO 생수, 2L, 36개",,"25,930원",로켓배송,4,개당 용량 × 총 수량: 2L × 36개,"소비기한(또는 유통기한): 2024-08-05 이거나 그 이후인 상품, 용기 타입: 플라스틱병, 라벨 유무: 무라벨, 수원지: 국내산, 쿠팡상품번호: 7841914137 - 21350776184",https://www.coupang.com/vp/products/7841914137?itemId=21350776184&vendorItemId=88408440146
,"강원 평창수 무라벨, 2L, 30개",,"19,800원",로켓배송,5,개당 용량 × 총 수량: 2L × 30개,"소비기한(또는 유통기한): 2025-02-18 이거나 그 이후인 상품, 용기 타입: 플라스틱병, 라벨 유무: 무라벨, 수원지: 국내산, 음료수 종류: 생수, 쿠팡상품번호: 5269360716 - 13064287016",https://www.coupang.com/vp/products/5269360716?itemId=13064287016&vendorItemId=86495568256
동원,"동원샘물 생수 2L * 24병, 2L, 24개",,"14,550원",㈜동원디어푸드 ( 동원몰 ),2,개당 용량 × 총 수량: 2L × 24개,"음료수 종류: 상세 설명 참조, 비건 여부: 상세 설명 참조, 가정용/업소용: 상세 설명 참조, 유기농/친환경 등: 상세 설명 참조, 열량: 상세 설명 참조, 쿠팡상품번호: 7994141013 - 22230752566",https://www.coupang.com/vp/products/7994141013?itemId=22230752566&vendorItemId=85293566037
탐사,"탐사수, 2L, 30개",,"15,290원",로켓배송,없음,개당 용량 × 총 수량: 2L × 30개,"소비기한(또는 유통기한): 2024-08-08 이거나 그 이후인 상품, 용기 타입: 플라스틱병, 수원지: 국내산, 라벨 유무: 유라벨, 쿠팡상품번호: 27613130 - 16104582870",https://www.coupang.com/vp/products/27613130?itemId=16104582870&vendorItemId=83301837682
탐사,"탐사수 무라벨, 330ml, 60개",,"12,890원",로켓배송,없음,개당 용량 × 총 수량: 330ml × 60개,"소비기한(또는 유통기한): 2024-07-22 이거나 그 이후인 상품, 용기 타입: 플라스틱병, 라벨 유무: 무라벨, 쿠팡상품번호: 5625704601 - 11696964056",https://www.coupang.com/vp/products/5625704601?itemId=11696964056&vendorItemId=78971270753
동원,"동원샘물 무라벨 2l X 6병 (오늘출발+무료배송) 생수 물 2l, 2L, 6개",,"3,980원",주식회사쇼우몰,없음,개당 용량 × 총 수량: 2L × 6개,"라벨 유무: 무라벨, 수원지: 상세 설명 참조, 용기 타입: 플라스틱병, 쿠팡상품번호: 7869554035 - 21494763403",https://www.coupang.com/vp/products/7869554035?itemId=21494763403&vendorItemId=88446385812
,"에브리데이 산수, 1L, 60개",,"22,180원",로켓배송,9,개당 용량 × 총 수량: 1L × 60개,"소비기한(또는 유통기한): 2024-08-29 이거나 그 이후인 상품, 용기 타입: 플라스틱병, 수원지: 국내산, 대용량상품: Y, 음료수 종류: 생수, 쿠팡상품번호: 7691729906 - 14910847328",https://www.coupang.com/vp/products/7691729906?itemId=14910847328&vendorItemId=86471109291
스파클,"스파클 무라벨 생수, 2L, 24개",,"14,900원",스파클주식회사,2,개당 용량 × 총 수량: 2L × 24개,"용기 타입: 플라스틱병, 수원지: 국내산, 대용량상품: Y, 음료수 종류: 생수, 라벨 유무: 라벨없음, 쿠팡상품번호: 1653706 - 16212301798",https://www.coupang.com/vp/products/1653706?itemId=16212301798&vendorItemId=70286435633
,"몽베스트 생수, 330ml, 40개",,"10,350원",로켓배송,48,개당 용량 × 총 수량: 330ml × 40개,"소비기한(또는 유통기한): 2025-03-01 이거나 그 이후인 상품, 용기 타입: 플라스틱병, 라벨 유무: 유라벨, 수원지: 국내산, 비건 여부: 아니오, 쿠팡상품번호: 4683535861 - 128126647",https://www.coupang.com/vp/products/4683535861?itemId=128126647&vendorItemId=3265196496
,"제주 삼다수, 500ml, 40개",,"19,200원",로켓배송,97,개당 용량 × 총 수량: 500ml × 40개,"소비기한(또는 유통기한): 2025-03-26 이거나 그 이후인 상품, 용기 타입: 플라스틱병, 라벨 유무: 유라벨, 수원지: 국내산, 설탕 함량: 무설탕, 쿠팡상품번호: 5585425593 - 19982637571",https://www.coupang.com/vp/products/5585425593?itemId=19982637571&vendorItemId=86469813544
,"제주삼다수 그린, 330ml, 80개",,"34,400원",로켓배송,39,개당 용량 × 총 수량: 330ml × 80개,"소비기한(또는 유통기한): 2025-03-06 이거나 그 이후인 상품, 용기 타입: 플라스틱병, 라벨 유무: 라벨없음, 수원지: 국내산, 대용량상품: Y, 쿠팡상품번호: 7666070794 - 14096771867",https://www.coupang.com/vp/products/7666070794?itemId=14096771867&vendorItemId=86469906901
,"아이시스 무라벨 ECO 생수, 2L, 24개",,"17,290원",로켓배송,4,개당 용량 × 총 수량: 2L × 24개,"소비기한(또는 유통기한): 2024-08-05 이거나 그 이후인 상품, 용기 타입: 플라스틱병, 라벨 유무: 무라벨, 수원지: 국내산, 가정용/업소용: 가정용, 쿠팡상품번호: 7841914137 - 21350776183",https://www.coupang.com/vp/products/7841914137?itemId=21350776183&vendorItemId=88408440138
탐사,"탐사수 무라벨, 330ml, 200개",,"38,760원",로켓배송,없음,개당 용량 × 총 수량: 330ml × 200개,"소비기한(또는 유통기한): 2024-07-22 이거나 그 이후인 상품, 용기 타입: 플라스틱병, 라벨 유무: 무라벨, 쿠팡상품번호: 5625704601 - 19013169904",https://www.coupang.com/vp/products/5625704601?itemId=19013169904&vendorItemId=86137790270
,"동원샘물 생수 2L x24개 미네랄워터 대용량생수, 2L, 24개",,"14,770원",주식회사크린피플,없음,개당 용량 × 총 수량: 2L × 24개,"용기 타입: 플라스틱병, 수원지: 국내산, 대용량상품: Y, 음료수 종류: 생수, 쿠팡상품번호: 7856464110 - 21322873306",https://www.coupang.com/vp/products/7856464110?itemId=21322873306&vendorItemId=75423856562
,"강원 평창수, 2L, 24개",,"15,520원",로켓배송,27,개당 용량 × 총 수량: 2L × 24개,"소비기한(또는 유통기한): 2025-02-10 이거나 그 이후인 상품, 용기 타입: 플라스틱병, 라벨 유무: 유라벨, 수원지: 국내산, 대용량상품: Y, 쿠팡상품번호: 6346591823 - 13337405297",https://www.coupang.com/vp/products/6346591823?itemId=13337405297&vendorItemId=86470202014
동원샘물,"동원샘물 무라벨 생수, 500ml, 80개",,"18,350원",로켓배송,23,개당 용량 × 총 수량: 500ml × 80개,"소비기한(또는 유통기한): 2024-10-15 이거나 그 이후인 상품, 수원지: 국내산, 라벨 유무: 무라벨, 용기 타입: 플라스틱병, 가정용/업소용: 상세 설명 참조, 쿠팡상품번호: 6485147801 - 18421340090",https://www.coupang.com/vp/products/6485147801?itemId=18421340090&vendorItemId=86493937947
,"휘오 다이아몬드 EC 네추럴 미네랄 워터, 300ml, 40개",,"11,460원",동은상사,20,개당 용량 × 총 수량: 300ml × 40개,"용기 타입: 플라스틱병, 수원지: 국내산, 설탕 함량: 무설탕, 대용량상품: Y, 음료수 종류: 생수, 쿠팡상품번호: 2213229154 - 18454923143",https://www.coupang.com/vp/products/2213229154?itemId=18454923143&vendorItemId=79449308055
탐사,"탐사수, 500ml, 200개",,"36,990원",로켓배송,없음,개당 용량 × 총 수량: 500ml × 200개,"소비기한(또는 유통기한): 2024-08-11 이거나 그 이후인 상품, 용기 타입: 플라스틱병, 수원지: 국내산, 라벨 유무: 유라벨, 쿠팡상품번호: 27613130 - 19013169564",https://www.coupang.com/vp/products/27613130?itemId=19013169564&vendorItemId=86137790079
동아오츠카,"동아오츠카 마신다 생수, 2L, 24개","14,800원","13,990원",동아몰,2,개당 용량 × 총 수량: 2L × 24개,"용기 타입: 플라스틱병, 수원지: 국내산, 설탕 함량: 무설탕, 대용량상품: Y, 라벨 유무: 유라벨, 쿠팡상품번호: 6191544952 - 21203240945",https://www.coupang.com/vp/products/6191544952?itemId=21203240945&vendorItemId=88264497995
,"아이시스 8.0, 2L, 36개",,"27,330원",로켓배송,6,개당 용량 × 총 수량: 2L × 36개,"소비기한(또는 유통기한): 2024-08-08 이거나 그 이후인 상품, 용기 타입: 플라스틱병, 라벨 유무: 유라벨, 수원지: 국내산, 비건 여부: undefined, 쿠팡상품번호: 6948139199 - 20004606715",https://www.coupang.com/vp/products/6948139199?itemId=20004606715&vendorItemId=86949016932
,"풀무원 퓨어 생수, 2L, 24개",,"13,100원",로켓배송,없음,개당 용량 × 총 수량: 2L × 24개,"소비기한(또는 유통기한): 2024-12-24 이거나 그 이후인 상품, 용기 타입: 플라스틱병, 라벨 유무: 유라벨, 수원지: 국내산, 대용량상품: Y, 쿠팡상품번호: 8010806804 - 22349167390",https://www.coupang.com/vp/products/8010806804?itemId=22349167390&vendorItemId=86494114879
,"강원 평창수 무라벨, 2L, 18개",,"11,880원",로켓배송,9,개당 용량 × 총 수량: 2L × 18개,"소비기한(또는 유통기한): 2025-02-18 이거나 그 이후인 상품, 용기 타입: 플라스틱병, 라벨 유무: 무라벨, 수원지: 국내산, 음료수 종류: 생수, 쿠팡상품번호: 5269360716 - 7505540767",https://www.coupang.com/vp/products/5269360716?itemId=7505540767&vendorItemId=86495568125
,"몽베스트 먹는샘물, 330ml, 60개",,"15,520원",로켓배송,22,개당 용량 × 총 수량: 330ml × 60개,"소비기한(또는 유통기한): 2025-03-01 이거나 그 이후인 상품, 용기 타입: 플라스틱병, 라벨 유무: 유라벨, 수원지: 국내산, 설탕 함량: 무설탕, 쿠팡상품번호: 4683535861 - 19116128694",https://www.coupang.com/vp/products/4683535861?itemId=19116128694&vendorItemId=86433745541
,"강원 평창수 무라벨, 2L, 12개",,"7,920원",로켓배송,20,개당 용량 × 총 수량: 2L × 12개,"소비기한(또는 유통기한): 2025-02-18 이거나 그 이후인 상품, 용기 타입: 플라스틱병, 라벨 유무: 무라벨, 수원지: 국내산, 음료수 종류: 생수, 쿠팡상품번호: 5269360716 - 7505540780",https://www.coupang.com/vp/products/5269360716?itemId=7505540780&vendorItemId=86495568251
탐사,"탐사수 무라벨, 2L, 30개",,"15,290원",로켓배송,없음,개당 용량 × 총 수량: 2L × 30개,"소비기한(또는 유통기한): 2024-08-09 이거나 그 이후인 상품, 용기 타입: 플라스틱병, 라벨 유무: 무라벨, 쿠팡상품번호: 5625704601 - 13430253618",https://www.coupang.com/vp/products/5625704601?itemId=13430253618&vendorItemId=80771756696
,"백산수 생수, 1L, 48개",,"46,900원",OK테크,14,개당 용량 × 총 수량: 1L × 48개,"용기 타입: 플라스틱병, 라벨 유무: 유라벨, 수원지: 아시아, 대용량상품: Y, 음료수 종류: 생수, 쿠팡상품번호: 4876313878 - 11837239827",https://www.coupang.com/vp/products/4876313878?itemId=11837239827&vendorItemId=86714105075
,"아이시스 무라벨 ECO 생수, 2L, 30개",,"21,610원",로켓배송,13,개당 용량 × 총 수량: 2L × 30개,"소비기한(또는 유통기한): 2024-08-05 이거나 그 이후인 상품, 용기 타입: 플라스틱병, 라벨 유무: 무라벨, 수원지: 국내산, 쿠팡상품번호: 7841914137 - 21350776153",https://www.coupang.com/vp/products/7841914137?itemId=21350776153&vendorItemId=88408440123
해태htb,"강원 평창수, 2L, 36개",,"23,280원",로켓배송,15,개당 용량 × 총 수량: 2L × 36개,"소비기한(또는 유통기한): 2025-02-10 이거나 그 이후인 상품, 용기 타입: 플라스틱병, 라벨 유무: 유라벨, 수원지: 국내산, 비건 여부: 비건, 쿠팡상품번호: 6346591823 - 2277280038",https://www.coupang.com/vp/products/6346591823?itemId=2277280038&vendorItemId=87017279374
,"풀무원샘물 무라벨 생수, 2L, 18개",,"10,690원",로켓배송,2,개당 용량 × 총 수량: 2L × 18개,"소비기한(또는 유통기한): 2025-01-20 이거나 그 이후인 상품, 용기 타입: 플라스틱병, 수원지: 국내산, 대용량상품: Y, 음료수 종류: 생수, 쿠팡상품번호: 6239512369 - 12586277097",https://www.coupang.com/vp/products/6239512369?itemId=12586277097&vendorItemId=86494123951
,"백산수 생수, 1L, 12개",,"8,030원",주식회사 바이바이,24,개당 용량 × 총 수량: 1L × 12개,"용기 타입: 플라스틱병, 라벨 유무: 유라벨, 수원지: 아시아, 비건 여부: 비건, 설탕 함량: 무설탕, 쿠팡상품번호: 4876313878 - 17929544865",https://www.coupang.com/vp/products/4876313878?itemId=17929544865&vendorItemId=86952827480
,"강원 평창수 무라벨, 500ml, 80개",,"17,280원",로켓배송,3,개당 용량 × 총 수량: 500ml × 80개,"소비기한(또는 유통기한): 2024-11-10 이거나 그 이후인 상품, 용기 타입: 플라스틱병, 수원지: 국내산, 음료수 종류: 생수, 쿠팡상품번호: 5269360716 - 20806566646",https://www.coupang.com/vp/products/5269360716?itemId=20806566646&vendorItemId=87875614604
롯데칠성음료,"아이시스 8.0 생수 1L x 6개 롯데칠성, 1L, 6개",,"5,800원",(주)대일유통,없음,개당 용량 × 총 수량: 1L × 6개,"수원지: 국내산, 용기 타입: 플라스틱병, 라벨 유무: 유라벨, 쿠팡상품번호: 6835195476 - 16237436376",https://www.coupang.com/vp/products/6835195476?itemId=16237436376&vendorItemId=88483043001
,"아이시스8.0 생수 1L 18개 물 사무실 가정배달, 1L, 18개",,"12,400원",제이에이치엠(JHM),없음,개당 용량 × 총 수량: 1L × 18개,"수원지: 국내산, 쿠팡상품번호: 7024998737 - 20880408879",https://www.coupang.com/vp/products/7024998737?itemId=20880408879&vendorItemId=87947613204
,"아이시스 8.0 무라벨 ECO 생수, 300ml, 40개",,"11,040원",로켓배송,16,개당 용량 × 총 수량: 300ml × 40개,"소비기한(또는 유통기한): 2024-10-14 이거나 그 이후인 상품, 용기 타입: 플라스틱병, 라벨 유무: 무라벨, 수원지: 국내산, 음료수 종류: 생수, 쿠팡상품번호: 7865650251 - 14746291666",https://www.coupang.com/vp/products/7865650251?itemId=14746291666&vendorItemId=86467813948
스파클,"스파클 생수 무라벨, 2L, 6개",,"4,910원",스파클주식회사,없음,개당 용량 × 총 수량: 2L × 6개,"수원지: 국내산, 쿠팡상품번호: 6830320694 - 19678857682",https://www.coupang.com/vp/products/6830320694?itemId=19678857682&vendorItemId=83406358794
,"백산수 무라벨 생수, 330ml, 80개",,"27,560원",로켓배송,5,개당 용량 × 총 수량: 330ml × 80개,"소비기한(또는 유통기한): 2025-04-04 이거나 그 이후인 상품, 용기 타입: 플라스틱병, 라벨 유무: 무라벨, 수원지: 아시아, 음료수 종류: 생수, 쿠팡상품번호: 6393352093 - 18689442165",https://www.coupang.com/vp/products/6393352093?itemId=18689442165&vendorItemId=86494115917
,"제주 삼다수, 500ml, 120개",,"57,600원",로켓배송,16,개당 용량 × 총 수량: 500ml × 120개,"소비기한(또는 유통기한): 2025-03-26 이거나 그 이후인 상품, 용기 타입: 플라스틱병, 라벨 유무: 유라벨, 수원지: 국내산, 비건 여부: 1개, 쿠팡상품번호: 5585425593 - 21278624006",https://www.coupang.com/vp/products/5585425593?itemId=21278624006&vendorItemId=87356923652
,"아이시스 무라벨 ECO 생수, 2L, 18개",,"12,970원",로켓배송,4,개당 용량 × 총 수량: 2L × 18개,"소비기한(또는 유통기한): 2024-08-05 이거나 그 이후인 상품, 용기 타입: 플라스틱병, 라벨 유무: 무라벨, 수원지: 국내산, 쿠팡상품번호: 7841914137 - 21350775965",https://www.coupang.com/vp/products/7841914137?itemId=21350775965&vendorItemId=88408439847
,"커클랜드 코스트코 먹는샘물2L 생수 풀무원, 2L, 24개",,"14,800원",주식회사 제이와이제이아이앤씨,없음,개당 용량 × 총 수량: 2L × 24개,"수원지: 국내산, 가정용/업소용: 가정용, 쿠팡상품번호: 3560460 - 22422134713",https://www.coupang.com/vp/products/3560460?itemId=22422134713&vendorItemId=89465286712
,"백산수 무라벨 생수, 330ml, 100개",,"34,450원",로켓배송,4,개당 용량 × 총 수량: 330ml × 100개,"소비기한(또는 유통기한): 2025-04-04 이거나 그 이후인 상품, 용기 타입: 플라스틱병, 라벨 유무: 무라벨, 수원지: 아시아, 음료수 종류: 생수, 쿠팡상품번호: 6393352093 - 19747131789",https://www.coupang.com/vp/products/6393352093?itemId=19747131789&vendorItemId=86494109361
스파클,"스파클 생수 무라벨, 330ml, 60개",,"13,800원",스파클주식회사,없음,개당 용량 × 총 수량: 330ml × 60개,"수원지: 국내산, 쿠팡상품번호: 6830320694 - 16274395539",https://www.coupang.com/vp/products/6830320694?itemId=16274395539&vendorItemId=83406358927
,"휘오 다이아몬드 EC 네추럴 미네랄 워터, 500ml, 20개",,"7,590원",주식회사 부산종합유통,29,개당 용량 × 총 수량: 500ml × 20개,"용기 타입: 플라스틱병, 수원지: 국내산, 설탕 함량: 무설탕, 대용량상품: Y, 음료수 종류: 생수, 쿠팡상품번호: 2213229154 - 17266051408",https://www.coupang.com/vp/products/2213229154?itemId=17266051408&vendorItemId=72825134565
,"몽베스트 생수, 500ml, 60개",,"16,870원",로켓배송,21,개당 용량 × 총 수량: 500ml × 60개,"소비기한(또는 유통기한): 2025-02-28 이거나 그 이후인 상품, 용기 타입: 플라스틱병, 라벨 유무: 유라벨, 수원지: 국내산, 비건 여부: 1개, 쿠팡상품번호: 4683535861 - 3880660103",https://www.coupang.com/vp/products/4683535861?itemId=3880660103&vendorItemId=85192860319
,"제주삼다수 그린, 500ml, 40개",,"19,200원",로켓배송,85,개당 용량 × 총 수량: 500ml × 40개,"소비기한(또는 유통기한): 2025-03-12 이거나 그 이후인 상품, 용기 타입: 플라스틱병, 라벨 유무: 무라벨, 수원지: 국내산, 비건 여부: 비건, 쿠팡상품번호: 7666070794 - 14842822781",https://www.coupang.com/vp/products/7666070794?itemId=14842822781&vendorItemId=86469902027
탐사,"탐사수 무라벨, 1L, 18개",,"7,990원",로켓배송,없음,개당 용량 × 총 수량: 1L × 18개,"소비기한(또는 유통기한): 2024-11-08 이거나 그 이후인 상품, 용기 타입: 플라스틱병, 라벨 유무: 무라벨, 쿠팡상품번호: 5625704601 - 13374757484",https://www.coupang.com/vp/products/5625704601?itemId=13374757484&vendorItemId=80629681700
,"동원 샘물 무라벨 2L x 24병 생수 물 2리터, 2L, 24개",,"14,800원",㈜동원디어푸드 ( 동원몰 ),4,단일상품 × 개당 용량 × 총 수량: 2L × 24개,"수원지: 상세 설명 참조, 식품 프리미엄: 상세 설명 참조, 열량: 상세 설명 참조, 가정용/업소용: 상세 설명 참조, 유기농/친환경 등: 상세 설명 참조, 쿠팡상품번호: 7153229496 - 17988036631",https://www.coupang.com/vp/products/7153229496?itemId=17988036631&vendorItemId=86013951233
,"아이시스 8.0 무라벨 ECO 생수, 2L, 30개",,"23,750원",로켓배송,2,개당 용량 × 총 수량: 2L × 30개,"소비기한(또는 유통기한): 2024-09-18 이거나 그 이후인 상품, 용기 타입: 플라스틱병, 라벨 유무: 무라벨, 수원지: 국내산, 쿠팡상품번호: 7865650251 - 21474368223",https://www.coupang.com/vp/products/7865650251?itemId=21474368223&vendorItemId=86467813334
,"커클랜드 시그니춰 생수 2L, 2L, 24개",,"14,360원",주식회사 제이와이제이아이앤씨,없음,개당 용량 × 총 수량: 2L × 24개,"용기 타입: 플라스틱병, 라벨 유무: 유라벨, 수원지: 국내산, 쿠팡상품번호: 3560460 - 20271069030",https://www.coupang.com/vp/products/3560460?itemId=20271069030&vendorItemId=74639011473
,"에브리데이 산수, 1L, 48개",,"17,750원",로켓배송,8,개당 용량 × 총 수량: 1L × 48개,"소비기한(또는 유통기한): 2024-08-29 이거나 그 이후인 상품, 용기 타입: 플라스틱병, 수원지: 국내산, 대용량상품: Y, 음료수 종류: 생수, 쿠팡상품번호: 7691729906 - 18729357788",https://www.coupang.com/vp/products/7691729906?itemId=18729357788&vendorItemId=86471109209
롯데칠성음료,"롯데 하늘샘 무라벨 생수, 2L, 12개",,"6,450원",로켓배송,없음,개당 용량 × 총 수량: 2L × 12개,"소비기한(또는 유통기한): 2024-10-17 이거나 그 이후인 상품, 용기 타입: 플라스틱병, 음료수 종류: 생수, 라벨 유무: 무라벨, 가정용/업소용: 가정용, 쿠팡상품번호: 7900128179 - 21648386822",https://www.coupang.com/vp/products/7900128179?itemId=21648386822&vendorItemId=88699101690
,"에브리데이 산수, 1L, 36개",,"13,590원",로켓배송,8,개당 용량 × 총 수량: 1L × 36개,"소비기한(또는 유통기한): 2024-08-29 이거나 그 이후인 상품, 용기 타입: 플라스틱병, 수원지: 국내산, 대용량상품: Y, 음료수 종류: 생수, 쿠팡상품번호: 7691729906 - 10304583886",https://www.coupang.com/vp/products/7691729906?itemId=10304583886&vendorItemId=86471109240
가야산천년수,"천년수 무라벨 생수, 2L, 24개",,"12,980원",로켓배송,4,개당 용량 × 총 수량: 2L × 24개,"소비기한(또는 유통기한): 2024-09-20 이거나 그 이후인 상품, 용기 타입: 플라스틱병, 수원지: 국내산, 대용량상품: Y, 음료수 종류: 생수, 쿠팡상품번호: 6203736108 - 12325672441",https://www.coupang.com/vp/products/6203736108?itemId=12325672441&vendorItemId=86493934793
동원,"동원샘물 무라벨 500ML (오늘출발+무료배송) 생수 물 500ML, 500ml, 20개",,"5,000원",주식회사쇼우몰,없음,개당 용량 × 총 수량: 500ml × 20개,"수량: 40개, 용기 타입: 플라스틱병, 라벨 유무: 무라벨, 수원지: 국내산, 쿠팡상품번호: 8057395908 - 22619991159",https://www.coupang.com/vp/products/8057395908?itemId=22619991159&vendorItemId=88253008805
,"농심 백산수, 330ml, 60개",,"19,720원",로켓배송,15,개당 용량 × 총 수량: 330ml × 60개,"소비기한(또는 유통기한): 2025-02-11 이거나 그 이후인 상품, 용기 타입: 플라스틱병, 라벨 유무: 유라벨, 수원지: 아시아, 비건 여부: 1개, 쿠팡상품번호: 4876313878 - 20272541686",https://www.coupang.com/vp/products/4876313878?itemId=20272541686&vendorItemId=86470201668
,"지리산 물하나, 2L, 12개",,"12,900원",스마토리,28,개당 용량 × 총 수량: 2L × 12개,"용기 타입: 플라스틱병, 수원지: 국내산, 음료수 종류: 생수, 라벨 유무: 유라벨, 가정용/업소용: 가정용, 쿠팡상품번호: 6641250902 - 14037862822",https://www.coupang.com/vp/products/6641250902?itemId=14037862822&vendorItemId=83396780395
,"백산수 무라벨 생수, 500ml, 20개",,"8,200원",주식회사 에스비,20,개당 용량 × 총 수량: 500ml × 20개,"용기 타입: 플라스틱병, 라벨 유무: 무라벨, 수원지: 아시아, 대용량상품: Y, 음료수 종류: 생수, 쿠팡상품번호: 6393352093 - 16996296034",https://www.coupang.com/vp/products/6393352093?itemId=16996296034&vendorItemId=84029450191
,"백산수 무라벨 생수, 330ml, 60개",,"20,670원",로켓배송,3,개당 용량 × 총 수량: 330ml × 60개,"소비기한(또는 유통기한): 2025-04-04 이거나 그 이후인 상품, 용기 타입: 플라스틱병, 라벨 유무: 무라벨, 수원지: 아시아, 음료수 종류: 생수, 쿠팡상품번호: 6393352093 - 18004323984",https://www.coupang.com/vp/products/6393352093?itemId=18004323984&vendorItemId=86494114591
,"풀무원샘물 생수, 2L, 6개",,"4,900원",주식회사 아띠꼴로,4,개당 용량 × 총 수량: 2L × 6개,"수원지: 국내산, 쿠팡상품번호: 7844214152 - 16256622231",https://www.coupang.com/vp/products/7844214152?itemId=16256622231&vendorItemId=85295373528
,"농심 백산수, 2L, 6개",,"5,680원",주식회사 바이바이,29,개당 용량 × 총 수량: 2L × 6개,"용기 타입: 플라스틱병, 라벨 유무: 유라벨, 수원지: 중국, 비건 여부: 1개, 설탕 함량: 무설탕, 쿠팡상품번호: 4876313878 - 6342574349",https://www.coupang.com/vp/products/4876313878?itemId=6342574349&vendorItemId=85272632550
,"아이시스 생수, 2L, 30개",,"20,560원",로켓배송,없음,개당 용량 × 총 수량: 2L × 30개,"소비기한(또는 유통기한): 2024-09-16 이거나 그 이후인 상품, 용기 타입: 플라스틱병, 라벨 유무: 유라벨, 수원지: 국내산, 쿠팡상품번호: 7229656613 - 19805079074",https://www.coupang.com/vp/products/7229656613?itemId=19805079074&vendorItemId=86493563451
,"자연드림 JUST기픈물 종이팩생수, 500ml, 15개",,"14,700원",로켓배송,없음,개당 용량 × 총 수량: 500ml × 15개,"용기 타입: 종이팩, 수원지: 국내산(강원도고성), 유기농/친환경 등: 인증 있음, 가정용/업소용: 가정용, 쿠팡상품번호: 5964673966 - 20376247232",https://www.coupang.com/vp/products/5964673966?itemId=20376247232&vendorItemId=88182541075
,"지리산 물하나, 2L, 36개",,"18,190원",로켓배송,21,개당 용량 × 총 수량: 2L × 36개,"소비기한(또는 유통기한): 2024-11-30 이거나 그 이후인 상품, 용기 타입: 플라스틱병, 수원지: 국내산, 음료수 종류: 생수, 라벨 유무: 유라벨, 쿠팡상품번호: 6641250902 - 15134668796",https://www.coupang.com/vp/products/6641250902?itemId=15134668796&vendorItemId=88103613692
스파클,"스파클 생수 2L 12병 천연암반수 미네랄 함유, 2L, 12개",,"7,190원",로켓배송,없음,개당 용량 × 총 수량: 2L × 12개,"수원지: 국내산, 쿠팡상품번호: 7944247922 - 21898274407",https://www.coupang.com/vp/products/7944247922?itemId=21898274407&vendorItemId=88946321850
풀무원,"풀무원 샘물, 2L, 12개",,"8,310원",(주)신성아이넷,9,개당 용량 × 총 수량: 2L × 12개,"수원지: 국내산, 가정용/업소용: 가정용, 쿠팡상품번호: 7844214152 - 20508420007",https://www.coupang.com/vp/products/7844214152?itemId=20508420007&vendorItemId=3106539499
,"강원 평창수, 2L, 30개",,"19,400원",로켓배송,7,개당 용량 × 총 수량: 2L × 30개,"소비기한(또는 유통기한): 2025-02-10 이거나 그 이후인 상품, 용기 타입: 플라스틱병, 라벨 유무: 유라벨, 수원지: 국내산, 쿠팡상품번호: 6346591823 - 13922262914",https://www.coupang.com/vp/products/6346591823?itemId=13922262914&vendorItemId=86470202133
동아오츠카,"동아오츠카 마신다 생수, 2L, 48개",,"27,980원",동아몰,3,개당 용량 × 총 수량: 2L × 48개,"용기 타입: 플라스틱병, 수원지: 속리산, 가야산, 신어산, 축령산, 설탕 함량: 무설탕, 대용량상품: Y, 라벨 유무: 유라벨, 쿠팡상품번호: 6191544952 - 10828091779",https://www.coupang.com/vp/products/6191544952?itemId=10828091779&vendorItemId=70857551742
,"지리산 물하나 2L X 24, 지리산 물하나 2L..., 2L, 24개",,"13,540원",(주)화인바이오,5,상품 선택 × 개당 용량 × 총 수량: 지리산 물하나 2L 24병 생수 × 2L × 24개,"수원지: 국내산, 가정용/업소용: 가정용, 쿠팡상품번호: 7829933339 - 16626975754",https://www.coupang.com/vp/products/7829933339?itemId=16626975754&vendorItemId=89168114211
,"농심 백두산 백산수, 330ml, 20개",,"7,900원",㈜엔에스쇼핑,20,개당 용량 × 총 수량: 330ml × 20개,"용기 타입: 플라스틱병, 라벨 유무: 유라벨, 수원지: 아시아, 비건 여부: 1개, 설탕 함량: 1개, 쿠팡상품번호: 4876313878 - 16224712354",https://www.coupang.com/vp/products/4876313878?itemId=16224712354&vendorItemId=81200843474
탐사,"탐사 베이직수, 2L, 12개",,"5,990원",로켓배송,없음,개당 용량 × 총 수량: 2L × 12개,"소비기한(또는 유통기한): 2025-02-01 이거나 그 이후인 상품, 용기 타입: 플라스틱병, 라벨 유무: 유라벨, 쿠팡상품번호: 7476419502 - 19529509106",https://www.coupang.com/vp/products/7476419502?itemId=19529509106&vendorItemId=86637986223
,"동원샘물 생수, 2L, 30개",,"17,120원",로켓배송,2,개당 용량 × 총 수량: 2L × 30개,"소비기한(또는 유통기한): 2024-10-07 이거나 그 이후인 상품, 용기 타입: 플라스틱병, 라벨 유무: 유라벨, 수원지: 국내산, 대용량상품: 상세 설명 참조, 쿠팡상품번호: 7856464110 - 21427639372",https://www.coupang.com/vp/products/7856464110?itemId=21427639372&vendorItemId=86493936034
,"아이시스 8.0 무라벨 ECO 생수, 2L, 6개",,"5,100원",㈜엔에스쇼핑,30,개당 용량 × 총 수량: 2L × 6개,"용기 타입: 플라스틱병, 라벨 유무: 무라벨, 수원지: 국내산, 가정용/업소용: 가정용, 쿠팡상품번호: 7841914137 - 19459346420",https://www.coupang.com/vp/products/7841914137?itemId=19459346420&vendorItemId=81635430262
,"아이시스 무라벨 ECO 생수, 500ml, 40개",,"6,020원",꾸미라,45,개당 용량 × 총 수량: 500ml × 40개,"용기 타입: 플라스틱병, 라벨 유무: 무라벨, 수원지: 국내산, 쿠팡상품번호: 7841914137 - 20936371344",https://www.coupang.com/vp/products/7841914137?itemId=20936371344&vendorItemId=87614738939
,"농심 백산수, 2L, 18개",,"15,500원",로켓배송,18,개당 용량 × 총 수량: 2L × 18개,"소비기한(또는 유통기한): 2025-02-09 이거나 그 이후인 상품, 용기 타입: 플라스틱병, 라벨 유무: 유라벨, 수원지: 아시아, 비건 여부: 1개, 쿠팡상품번호: 4876313878 - 19833174720",https://www.coupang.com/vp/products/4876313878?itemId=19833174720&vendorItemId=3001753194
,"아이시스8.0 ECO 500ml, 500ml, 40개",,"16,200원",롯데칠성음료(주),없음,개당 용량 × 총 수량: 500ml × 40개,"수원지: 국내산, 쿠팡상품번호: 7865650251 - 22006612314",https://www.coupang.com/vp/products/7865650251?itemId=22006612314&vendorItemId=83776691884
,"백산수 무라벨 생수, 2L, 6개",,"5,850원",주식회사 바이바이,21,개당 용량 × 총 수량: 2L × 6개,"용기 타입: 플라스틱병, 수원지: 아시아, 음료수 종류: 생수, 가정용/업소용: 가정용, 쿠팡상품번호: 7990804172 - 18270172559",https://www.coupang.com/vp/products/7990804172?itemId=18270172559&vendorItemId=85294239815
탐사,"탐사수 무라벨, 2L, 18개",,"9,690원",로켓배송,없음,개당 용량 × 총 수량: 2L × 18개,"소비기한(또는 유통기한): 2024-08-09 이거나 그 이후인 상품, 용기 타입: 플라스틱병, 라벨 유무: 무라벨, 쿠팡상품번호: 5625704601 - 11696976272",https://www.coupang.com/vp/products/5625704601?itemId=11696976272&vendorItemId=79547778940
,"심천수 정식품 2LX24본, 2L, 24개",,"12,900원",㈜트라이씨클 (보리보리),5,개당 용량 × 총 수량: 2L × 24개,"수원지: 국내산, 가정용/업소용: 가정용, 쿠팡상품번호: 5449919396 - 8313930325",https://www.coupang.com/vp/products/5449919396?itemId=8313930325&vendorItemId=80508638722
탐사,"탐사수, 2L, 36개",,"17,590원",로켓배송,없음,개당 용량 × 총 수량: 2L × 36개,"소비기한(또는 유통기한): 2024-08-08 이거나 그 이후인 상품, 용기 타입: 플라스틱병, 수원지: 국내산, 라벨 유무: 유라벨, 쿠팡상품번호: 27613130 - 19013169790",https://www.coupang.com/vp/products/27613130?itemId=19013169790&vendorItemId=86137790230
석수,"하이트진로 석수, 2L, 12개",,"7,110원",로켓배송,32,개당 용량 × 총 수량: 2L × 12개,"소비기한(또는 유통기한): 2025-02-05 이거나 그 이후인 상품, 용기 타입: 플라스틱병, 수원지: 국내산, 비건 여부: 비건, 설탕 함량: 무설탕, 쿠팡상품번호: 7294705282 - 13194288907",https://www.coupang.com/vp/products/7294705282?itemId=13194288907&vendorItemId=85072692007
탐사,"탐사수 무라벨, 330ml, 80개",,"16,990원",로켓배송,없음,개당 용량 × 총 수량: 330ml × 80개,"소비기한(또는 유통기한): 2024-07-22 이거나 그 이후인 상품, 용기 타입: 플라스틱병, 라벨 유무: 무라벨, 쿠팡상품번호: 5625704601 - 19013169729",https://www.coupang.com/vp/products/5625704601?itemId=19013169729&vendorItemId=86137790201
,"커클랜드 먹는 샘물 2Lx6병x6팩 코스트코생수 미네랄워터 물 배달, 2L, 36개",,"21,600원",(주)현대홈쇼핑(온라인),36,개당 용량 × 총 수량: 2L × 36개,"용기 타입: 플라스틱병, 라벨 유무: 유라벨, 수원지: 한국, 사용대상 구분: 남성용, 수량: 1개, 쿠팡상품번호: 3560460 - 16654938165",https://www.coupang.com/vp/products/3560460?itemId=16654938165&vendorItemId=81500735072
,"크리스탈 무라벨 생수, 2L, 36개",,"21,950원",주식회사 엑스플러스,3,개당 용량 × 총 수량: 2L × 36개,"수원지: 국내산, 가정용/업소용: 가정용, 쿠팡상품번호: 6750863294 - 16524379145",https://www.coupang.com/vp/products/6750863294?itemId=16524379145&vendorItemId=88698278619
석수,"하이트진로 석수, 2L, 30개",,"17,760원",로켓배송,9,개당 용량 × 총 수량: 2L × 30개,"소비기한(또는 유통기한): 2025-02-05 이거나 그 이후인 상품, 용기 타입: 플라스틱병, 수원지: 국내산, 대용량상품: Y, 음료수 종류: 생수, 쿠팡상품번호: 7294705282 - 16916521374",https://www.coupang.com/vp/products/7294705282?itemId=16916521374&vendorItemId=85072691997
,"강원 평창수 무라벨, 500ml, 100개",,"21,600원",로켓배송,4,개당 용량 × 총 수량: 500ml × 100개,"소비기한(또는 유통기한): 2024-11-10 이거나 그 이후인 상품, 용기 타입: 플라스틱병, 수원지: 국내산, 음료수 종류: 생수, 쿠팡상품번호: 5269360716 - 20806575725",https://www.coupang.com/vp/products/5269360716?itemId=20806575725&vendorItemId=87875624190
,"아이시스 8.0 무라벨 ECO 생수, 1L, 18개",,"10,600원",로켓배송,없음,개당 용량 × 총 수량: 1L × 18개,"소비기한(또는 유통기한): 2024-10-03 이거나 그 이후인 상품, 용기 타입: 플라스틱병, 라벨 유무: 무라벨, 수원지: 국내산, 음료수 종류: 생수, 쿠팡상품번호: 7865650251 - 21362339026",https://www.coupang.com/vp/products/7865650251?itemId=21362339026&vendorItemId=88408304148
,"아워홈 지리산수 핑크, 330ml, 100개",,"24,750원",로켓배송,7,개당 용량 × 총 수량: 330ml × 100개,"소비기한(또는 유통기한): 2024-10-14 이거나 그 이후인 상품, 용기 타입: 플라스틱병, 수원지: 국내산, 설탕 함량: 무설탕, 대용량상품: Y, 쿠팡상품번호: 1357560685 - 18172584333",https://www.coupang.com/vp/products/1357560685?itemId=18172584333&vendorItemId=85321886867
,"몽베스트 생수, 500ml, 20개",,"6,200원",(주)온나인슈퍼,30,개당 용량 × 총 수량: 500ml × 20개,"용기 타입: 플라스틱병, 라벨 유무: 유라벨, 수원지: 국내산, 비건 여부: 1개, 설탕 함량: 1개, 쿠팡상품번호: 4683535861 - 103909323",https://www.coupang.com/vp/products/4683535861?itemId=103909323&vendorItemId=86750264207
,"농심 백산수, 500ml, 120개",,"42,510원",주식회사 서희에프앤비,6,개당 용량 × 총 수량: 500ml × 120개,"용기 타입: 플라스틱병, 라벨 유무: 유라벨, 수원지: 아시아, 비건 여부: 비건, 설탕 함량: 무설탕, 쿠팡상품번호: 4876313878 - 19948984417",https://www.coupang.com/vp/products/4876313878?itemId=19948984417&vendorItemId=80582043670
석수,"석수 무라벨 생수, 2L, 36개",,"21,560원",로켓배송,5,개당 용량 × 총 수량: 2L × 36개,"소비기한(또는 유통기한): 2024-10-11 이거나 그 이후인 상품, 용기 타입: 플라스틱병, 라벨 유무: 무라벨, 수원지: 국내산, 대용량상품: Y, 쿠팡상품번호: 5408677138 - 19421825349",https://www.coupang.com/vp/products/5408677138?itemId=19421825349&vendorItemId=87017278653
,"아워홈 지리산수, 2L, 24개",,"14,500원",로켓배송,28,개당 용량 × 총 수량: 2L × 24개,"소비기한(또는 유통기한): 2024-10-17 이거나 그 이후인 상품, 수원지: 국내산, 용기 타입: 플라스틱병, 대용량상품: Y, 음료수 종류: 생수, 쿠팡상품번호: 6673761816 - 19909007504",https://www.coupang.com/vp/products/6673761816?itemId=19909007504&vendorItemId=86495568514
탐사,"제주 탐사수, 2L, 24개",,"16,590원",로켓배송,없음,개당 용량 × 총 수량: 2L × 24개,"소비기한(또는 유통기한): 2025-05-06 이거나 그 이후인 상품, 용기 타입: 플라스틱병, 쿠팡상품번호: 1254071808 - 19013177527",https://www.coupang.com/vp/products/1254071808?itemId=19013177527&vendorItemId=86137797416
,"지리산물하나 ECO 생수, 2L, 12개",,"6,690원",(주)화인바이오,3,개당 용량 × 총 수량: 2L × 12개,"용기 타입: 플라스틱병, 수원지: 국내산, 음료수 종류: 생수, 라벨 유무: 무라벨, 가정용/업소용: 가정용, 쿠팡상품번호: 6778991635 - 19343174502",https://www.coupang.com/vp/products/6778991635?itemId=19343174502&vendorItemId=89926992058
동원샘물,"동원샘물 생수, 300ml, 80개",,"17,200원",로켓배송,28,개당 용량 × 총 수량: 300ml × 80개,"소비기한(또는 유통기한): 2024-06-26 이거나 그 이후인 상품, 용기 타입: 플라스틱병, 라벨 유무: 유라벨, 수원지: 국내산, 대용량상품: Y, 쿠팡상품번호: 7856464110 - 19381407656",https://www.coupang.com/vp/products/7856464110?itemId=19381407656&vendorItemId=86493938822
가야산천년수,"천년수 생수, 2L, 36개",,"19,450원",로켓배송,없음,개당 용량 × 총 수량: 2L × 36개,"소비기한(또는 유통기한): 2024-08-20 이거나 그 이후인 상품, 용기 타입: 플라스틱병, 라벨 유무: 유라벨, 음료수 종류: 생수, 쿠팡상품번호: 7017448172 - 20216456801",https://www.coupang.com/vp/products/7017448172?itemId=20216456801&vendorItemId=87306238683
탐사,"제주 탐사수, 2L, 36개",,"23,290원",로켓배송,없음,개당 용량 × 총 수량: 2L × 36개,"소비기한(또는 유통기한): 2025-05-06 이거나 그 이후인 상품, 용기 타입: 플라스틱병, 쿠팡상품번호: 1254071808 - 19013177916",https://www.coupang.com/vp/products/1254071808?itemId=19013177916&vendorItemId=86137797842
,"백산수 무라벨 생수, 330ml, 40개",,"13,820원",로켓배송,9,개당 용량 × 총 수량: 330ml × 40개,"소비기한(또는 유통기한): 2025-04-04 이거나 그 이후인 상품, 용기 타입: 플라스틱병, 라벨 유무: 무라벨, 수원지: 아시아, 비건 여부: 비건, 쿠팡상품번호: 6393352093 - 20031250396",https://www.coupang.com/vp/products/6393352093?itemId=20031250396&vendorItemId=86494114572
스파클,"스파클 생수, 2L, 48개",,"26,190원",스파클주식회사,없음,개당 용량 × 총 수량: 2L × 48개,"수원지: 국내산, 쿠팡상품번호: 1653706 - 17204434766",https://www.coupang.com/vp/products/1653706?itemId=17204434766&vendorItemId=82253020416
,"몽베스트 생수 500mLx20병+330mLx20병, 500ml, 1세트",,"12,900원",주식회사 온누리스토어,2,개당 용량 × 총 수량: 500ml × 1세트,"수원지: 국내산, 음료 세트구성: 단품세트, 가정용/업소용: 가정용, 쿠팡상품번호: 6094848760 - 11384921767",https://www.coupang.com/vp/products/6094848760?itemId=11384921767&vendorItemId=87638079579
,"아이시스 생수, 2L, 36개",,"24,670원",로켓배송,2,개당 용량 × 총 수량: 2L × 36개,"소비기한(또는 유통기한): 2024-09-16 이거나 그 이후인 상품, 용기 타입: 플라스틱병, 라벨 유무: 유라벨, 수원지: 국내산, 대용량상품: Y, 쿠팡상품번호: 7229656613 - 18341916876",https://www.coupang.com/vp/products/7229656613?itemId=18341916876&vendorItemId=86949016535
탐사,"탐사 샘물, 2L, 30개",,"13,490원",로켓배송,없음,개당 용량 × 총 수량: 2L × 30개,"소비기한(또는 유통기한): 2025-02-01 이거나 그 이후인 상품, 쿠팡상품번호: 7689270513 - 20877904956",https://www.coupang.com/vp/products/7689270513?itemId=20877904956&vendorItemId=87945141062
,"아워홈 지리산수 무라벨, 2L, 12개",,"7,300원",로켓배송,11,개당 용량 × 총 수량: 2L × 12개,"소비기한(또는 유통기한): 2024-10-17 이거나 그 이후인 상품, 수원지: 국내산, 용기 타입: 플라스틱병, 대용량상품: Y, 음료수 종류: 생수, 쿠팡상품번호: 6673761816 - 17836675801",https://www.coupang.com/vp/products/6673761816?itemId=17836675801&vendorItemId=86495568407
탐사,"탐사수 무라벨, 330ml, 40개",,"8,890원",로켓배송,없음,개당 용량 × 총 수량: 330ml × 40개,"소비기한(또는 유통기한): 2024-07-22 이거나 그 이후인 상품, 용기 타입: 플라스틱병, 라벨 유무: 무라벨, 쿠팡상품번호: 5625704601 - 11650491074",https://www.coupang.com/vp/products/5625704601?itemId=11650491074&vendorItemId=78924935203
,"아워홈 지리산수 무라벨, 2L, 36개",,"20,900원",로켓배송,2,개당 용량 × 총 수량: 2L × 36개,"소비기한(또는 유통기한): 2024-10-17 이거나 그 이후인 상품, 수원지: 국내산, 용기 타입: 플라스틱병, 대용량상품: Y, 음료수 종류: 생수, 쿠팡상품번호: 6673761816 - 18956725064",https://www.coupang.com/vp/products/6673761816?itemId=18956725064&vendorItemId=86949016319
,[수질적합]에브리데이 산수 산수 생수 1리터,,"9,890원",㈜ 일주일아이앤씨,없음,개당 용량 × 총 수량: 1L × 24개,"가정용/업소용: 가정용, 쿠팡상품번호: 7857887213 - 21436023995",https://www.coupang.com/vp/products/7857887213?itemId=21436023995&vendorItemId=80241539075
,"아이시스 8.0 무라벨 ECO 생수, 2L, 24개",,"19,000원",로켓배송,9,개당 용량 × 총 수량: 2L × 24개,"소비기한(또는 유통기한): 2024-09-18 이거나 그 이후인 상품, 용기 타입: 플라스틱병, 라벨 유무: 무라벨, 수원지: 국내산, 음료수 종류: 생수, 쿠팡상품번호: 6954270009 - 21474333587",https://www.coupang.com/vp/products/6954270009?itemId=21474333587&vendorItemId=86467813350
스파클,"스파클 생수, 2L, 12개",,"8,400원",스파클주식회사,없음,개당 용량 × 총 수량: 2L × 12개,"용기 타입: 플라스틱병, 수원지: 국내산, 쿠팡상품번호: 1653706 - 18726686055",https://www.coupang.com/vp/products/1653706?itemId=18726686055&vendorItemId=70286435628
,"제주삼다수 그린, 330ml, 120개",,"51,600원",로켓배송,21,개당 용량 × 총 수량: 330ml × 120개,"소비기한(또는 유통기한): 2025-03-06 이거나 그 이후인 상품, 용기 타입: 플라스틱병, 라벨 유무: 무라벨, 수원지: 국내산, 비건 여부: 비건, 쿠팡상품번호: 7666070794 - 16223180258",https://www.coupang.com/vp/products/7666070794?itemId=16223180258&vendorItemId=87356923683
,"풀무원샘물 무라벨 생수 330ml x 20개 미니생수 생수330 물배달, 330ml, 20개",,"6,770원",주식회사 서희에프앤비,17,개당 용량 × 총 수량: 330ml × 20개,"수원지: 국내산, 가정용/업소용: 가정용, 쿠팡상품번호: 6239512369 - 21326899655",https://www.coupang.com/vp/products/6239512369?itemId=21326899655&vendorItemId=89765155792
가야산천년수,"천년수 무라벨 생수, 2L, 12개",,"6,490원",로켓배송,3,개당 용량 × 총 수량: 2L × 12개,"소비기한(또는 유통기한): 2024-09-20 이거나 그 이후인 상품, 용기 타입: 플라스틱병, 수원지: 국내산, 음료수 종류: 생수, 라벨 유무: 무라벨, 쿠팡상품번호: 6203736108 - 15541287041",https://www.coupang.com/vp/products/6203736108?itemId=15541287041&vendorItemId=86493934415
,"정식품 심천수 샘물 2LX12팩, 2L, 12개",,"7,900원",(주)오쎄,없음,개당 용량 × 총 수량: 2L × 12개,"수원지: 국내산, 쿠팡상품번호: 5449919396 - 57072032",https://www.coupang.com/vp/products/5449919396?itemId=57072032&vendorItemId=3089440631
탐사,"탐사수, 330ml, 120개",,"24,690원",로켓배송,없음,개당 용량 × 총 수량: 330ml × 120개,"소비기한(또는 유통기한): 2024-07-22 이거나 그 이후인 상품, 용기 타입: 플라스틱병, 수원지: 국내산, 라벨 유무: 유라벨, 쿠팡상품번호: 27613130 - 19013173037",https://www.coupang.com/vp/products/27613130?itemId=19013173037&vendorItemId=86137793661
탐사,"탐사수 무라벨, 330ml, 120개",,"24,990원",로켓배송,없음,개당 용량 × 총 수량: 330ml × 120개,"소비기한(또는 유통기한): 2024-07-22 이거나 그 이후인 상품, 용기 타입: 플라스틱병, 라벨 유무: 무라벨, 쿠팡상품번호: 5625704601 - 19013169631",https://www.coupang.com/vp/products/5625704601?itemId=19013169631&vendorItemId=86137790128
,"에브리데이 가벼운샘, 2L, 6개",,"4,300원",㈜엔에스쇼핑,2,개당 용량 × 총 수량: 2L × 6개,"용기 타입: 플라스틱병, 쿠팡상품번호: 7461157092 - 14636519362",https://www.coupang.com/vp/products/7461157092?itemId=14636519362&vendorItemId=78772047871
스파클,"스파클 생수 무라벨, 500ml, 20개",,"6,000원",스파클주식회사,5,개당 용량 × 총 수량: 500ml × 20개,"수원지: 국내산, 쿠팡상품번호: 6830320694 - 16212148885",https://www.coupang.com/vp/products/6830320694?itemId=16212148885&vendorItemId=83406358818
,"농심 백산수 1L, 1L, 6개",,"5,900원",주식회사 탑라이프물산 고양지점,10,개당 용량 × 총 수량: 1L × 6개,"용기 타입: 플라스틱병, 라벨 유무: 유라벨, 수원지: 백두산, 쿠팡상품번호: 4876313878 - 20402701818",https://www.coupang.com/vp/products/4876313878?itemId=20402701818&vendorItemId=73451994129
,"아이시스 8.0 500ml 20병 라벨 랜덤 발송 생수 휴대용생수 미니생수, 500ml, 20개",,"6,980원",꾸미라,2,개당 용량 × 총 수량: 500ml × 20개,"용기 타입: 플라스틱병, 수원지: 국내산, 라벨 유무: 유라벨, 쿠팡상품번호: 7236053068 - 17993081369",https://www.coupang.com/vp/products/7236053068?itemId=17993081369&vendorItemId=88115965036
,"강원평창수 무라벨 생수, 500ml, 20개",,"4,640원",해태에이치티비(주),없음,개당 용량 × 총 수량: 500ml × 20개,"용기 타입: 플라스틱병, 라벨 유무: 무라벨, 수원지: 국내산, 쿠팡상품번호: 5269360716 - 18917608336",https://www.coupang.com/vp/products/5269360716?itemId=18917608336&vendorItemId=85872313074
석수,"석수, 500ml, 100개",,"21,910원",로켓배송,9,개당 용량 × 총 수량: 500ml × 100개,"소비기한(또는 유통기한): 2024-09-18 이거나 그 이후인 상품, 용기 타입: 플라스틱병, 수원지: 국내산, 대용량상품: Y, 음료수 종류: 생수, 쿠팡상품번호: 7294705282 - 315753898",https://www.coupang.com/vp/products/7294705282?itemId=315753898&vendorItemId=87030316932
,"아이시스 생수, 2L, 12개",,"8,840원",로켓배송,없음,개당 용량 × 총 수량: 2L × 12개,"소비기한(또는 유통기한): 2024-09-16 이거나 그 이후인 상품, 용기 타입: 플라스틱병, 라벨 유무: 유라벨, 수원지: 국내산, 대용량상품: undefined, 쿠팡상품번호: 7229656613 - 20199426275",https://www.coupang.com/vp/products/7229656613?itemId=20199426275&vendorItemId=86493563255
오리온제주용암수,"오리온 닥터유 제주용암수, 330ml, 80개",,"20,400원",로켓배송,7,개당 용량 × 총 수량: 330ml × 80개,"소비기한(또는 유통기한): 2025-04-24 이거나 그 이후인 상품, 용기 타입: 플라스틱병, 수원지: 국내산, 설탕 함량: 무설탕, 음료수 종류: --- 기타 ---, 쿠팡상품번호: 4944747674 - 19517692168",https://www.coupang.com/vp/products/4944747674?itemId=19517692168&vendorItemId=86433747694
탐사,"탐사수, 500ml, 60개",,"12,590원",로켓배송,없음,개당 용량 × 총 수량: 500ml × 60개,"소비기한(또는 유통기한): 2024-08-11 이거나 그 이후인 상품, 용기 타입: 플라스틱병, 수원지: 국내산, 라벨 유무: 유라벨, 쿠팡상품번호: 27613130 - 902605738",https://www.coupang.com/vp/products/27613130?itemId=902605738&vendorItemId=5262100721
,"자연드림 종이팩 해양심층수 기픈물_마그네슘 강화, 330ml, 18개",,"20,460원",주식회사 자연드림,없음,개당 용량 × 총 수량: 330ml × 18개,"용기 타입: 종이팩, 수원지: 국내산(강원도고성), 유기농/친환경 등: 인증 있음, 가정용/업소용: 가정용, 쿠팡상품번호: 7170031032 - 20176589195",https://www.coupang.com/vp/products/7170031032?itemId=20176589195&vendorItemId=89455139323
,"풀무원 퓨어 생수, 2L, 12개",,"6,900원",로켓배송,없음,개당 용량 × 총 수량: 2L × 12개,"소비기한(또는 유통기한): 2024-12-24 이거나 그 이후인 상품, 용기 타입: 플라스틱병, 라벨 유무: 유라벨, 수원지: 국내산, 음료수 종류: 생수, 쿠팡상품번호: 8010806804 - 22349113631",https://www.coupang.com/vp/products/8010806804?itemId=22349113631&vendorItemId=86494112156
탐사,"탐사수 무라벨, 330ml, 160개",,"32,980원",로켓배송,없음,개당 용량 × 총 수량: 330ml × 160개,"소비기한(또는 유통기한): 2024-07-22 이거나 그 이후인 상품, 용기 타입: 플라스틱병, 라벨 유무: 무라벨, 쿠팡상품번호: 5625704601 - 19013169748",https://www.coupang.com/vp/products/5625704601?itemId=19013169748&vendorItemId=86137790222
,"아이시스 생수, 2L, 24개",,"16,450원",로켓배송,없음,,"소비기한(또는 유통기한): 2024-09-16 이거나 그 이후인 상품, 용기 타입: 플라스틱병, 라벨 유무: 라벨없음, 수원지: 국내산, 대용량상품: Y, 쿠팡상품번호: 7229656613 - 18927044336",https://www.coupang.com/vp/products/7229656613?itemId=18927044336&vendorItemId=86493563427
